{"timestamp": 1743621522.3052518, "price_eur": 0.51559}