{"timestamp": 1743624705.8892736, "price_eur": 0.63628}