{"timestamp": 1743621521.9537656, "price_eur": 0.38041}