{"timestamp": 1743621522.63028, "price_eur": 0.430786}