{"timestamp": 1743620432.3966112, "price_eur": 1.05608250645384}