{"timestamp": 1743620371.343671, "price_eur": 31.69703657066679}