{"timestamp": 1743620431.8406894, "price_eur": 0.4463993053854279}