{"timestamp": 1743620371.5486677, "price_eur": 3456.899841048827}